{"cameraMode":{"drawMode":0,"name":"Shaded","section":"Shading Mode"},"sceneLighting":true,"audioPlay":false,"sceneViewState":{"m_AlwaysRefresh":false,"showFog":true,"showSkybox":true,"showFlares":true,"showImageEffects":true,"showParticleSystems":true,"showVisualEffectGraphs":true,"m_FxEnabled":true},"in2DMode":false,"pivot":{"x":6.624092102050781,"y":-2.662034034729004,"z":11.519390106201172},"rotation":{"x":0.12304172664880753,"y":0.3680901825428009,"z":-0.04920702055096626,"w":0.9203799366950989},"size":27.090991973876954,"orthographic":false}